Source_Station_Name,Average_Trains_Per_Day
CST-MUMBAI,72.85714285714286
SEALDAH,52.42857142857143
HOWRAH JN.,47.42857142857143
KALYAN JN,40.714285714285715
CHENNAI BEACH,31.714285714285715
THANE,26.571428571428573
TAMBARAM,20.0
PANVEL,20.0
NEW DELHI,15.285714285714286
RAVLI JN,14.142857142857142
VASHI,13.142857142857142
DELHI JN.,11.714285714285714
CHENNAI CENTRAL,11.142857142857142
BARDDHAMAN JN.,10.571428571428571
CHENGALPATTU,10.571428571428571
PUNE JN.,10.571428571428571
BANDEL JN.,10.428571428571429
LOKMANYA TILAK TERMINUS,10.0
LUCKNOW JN.,9.571428571428571
GORAKHPUR JN.,9.571428571428571
HAZRAT NIZAMUDDIN JN,9.428571428571429
PATNA JN.,9.285714285714286
KRANTIVIRA SANGOLLI RAYANNA (BENGALURU STATION),9.142857142857142
AHMEDABAD,9.142857142857142
SECUNDERABAD JN.,9.0
YESVANTPUR JN.,8.571428571428571
AMRITSAR JN.,8.142857142857142
TIRUPATI,7.714285714285714
BELAPUR C.B.D,7.285714285714286
PURI,7.0
BANDRA TERMINUS,7.0
RANAGHAT JN.,7.0
VISAKHAPATNAM,6.857142857142857
BANGAON JN.,6.857142857142857
NAIHATI JN.,6.714285714285714
ANAND VIHAR TERMINAL,6.714285714285714
DADAR,6.285714285714286
ASANSOL MAIN,6.0
VIJAYWADA JN.,6.0
KANPUR CENTRAL JN.,5.857142857142857
INDORE BG,5.857142857142857
ERNAKULAM. JN,5.714285714285714
VARANASI JN.,5.714285714285714
AMBERNATH,5.571428571428571
TITVALA,5.571428571428571
LAKSHMIKANTAPUR,5.428571428571429
KARJAT,5.428571428571429
JAIPUR JN.,5.142857142857143
MYSORE JN.,5.142857142857143
TRIVANDRUM CENTRAL,5.0
BADLAPUR,5.0
KOLKATA,5.0
GUWAHATI,5.0
DOMBIVLI,4.714285714285714
KATIHAR JN.,4.714285714285714
KHARAGPUR,4.571428571428571
BUDGE BUDGE,4.428571428571429
BHUBANESWAR,4.428571428571429
JODHPUR JN.,4.285714285714286
HYDERABAD DECCAN,4.285714285714286
BILASPUR JN.,4.285714285714286
KACHEGUDA,4.285714285714286
CHENNAI EGMORE,4.285714285714286
TATANAGAR JN,4.285714285714286
COIMBATORE  JN.,4.285714285714286
TIRUCHIRAPPALLI JN.,4.285714285714286
AMBALA CANTT JN,4.142857142857143
CANNING,4.142857142857143
QUILON,4.142857142857143
JAMMU TAWI,4.142857142857143
KURLA,4.0
NERUL,4.0
TARAKESHWAR,4.0
FIROZPUR CANTT JN.,4.0
MUZAFFARPUR JN.,3.857142857142857
AJMER JN.,3.857142857142857
DIAMOND HARBOUR,3.857142857142857
JALANDHAR CITY JN.,3.857142857142857
MANGALORE CENTRAL,3.857142857142857
GHAZIABAD JN.,3.7142857142857144
DURG,3.7142857142857144
RANCHI,3.7142857142857144
GAYA JN.,3.7142857142857144
KRISHNA NAGAR CITY JN.,3.7142857142857144
BARUIPUR JN.,3.5714285714285716
ANAND JN.,3.5714285714285716
BIKANER JN.,3.5714285714285716
SANTRAGACHI JN.,3.5714285714285716
REWARI JN.,3.5714285714285716
JABALPUR,3.5714285714285716
HUBLI JN.,3.4285714285714284
DELHI-SARAI ROHILLA,3.4285714285714284
MUMBAI CENTRAL,3.4285714285714284
MORADABAD JN.,3.4285714285714284
SAHARSA JN.,3.2857142857142856
GUNTUR JN.,3.142857142857143
HASANABAD,3.142857142857143
CHHAPRA JN.,3.142857142857143
BARASAT JN.,3.142857142857143
VADODARA JN.,3.0
SHRI GANGANAGAR,3.0
DAHANU ROAD,3.0
DANKUNI JN.,3.0
SHANTIPUR JN.,3.0
MADURAI JN,3.0
GONDIA JN.,3.0
JASIDIH JN.,3.0
KATWA JN.,3.0
NANDED,3.0
SURAT,3.0
SHRI MATA VAISHNO DEVI KATRA,3.0
LUDHIANA JN.,2.857142857142857
MIDNAPORE,2.857142857142857
GEDE,2.857142857142857
JAMALPUR JN.,2.857142857142857
SAMASTIPUR JN.,2.857142857142857
BARAUNI JN.,2.857142857142857
ASANGAON,2.857142857142857
HARIDWAR JN,2.7142857142857144
RAXAUL JN.,2.7142857142857144
SHALIMAR,2.7142857142857144
TIRUNELVELI JN,2.7142857142857144
RAIPUR JN.,2.7142857142857144
DEHRA DUN,2.7142857142857144
MUMBAI VADALA ROAD,2.7142857142857144
KASARA,2.5714285714285716
NAGPUR JN.(CR),2.5714285714285716
HATIA,2.5714285714285716
DARBHANGA JN.,2.5714285714285716
JAYNAGAR,2.5714285714285716
KAMAKHYA JN,2.5714285714285716
BARRACKPORE,2.5714285714285716
SOLAPUR,2.5714285714285716
SONARPUR JN.,2.5714285714285716
KOTA,2.5714285714285716
LONAVLA,2.5714285714285716
KALYANI SIMANTA,2.4285714285714284
PALASDARI,2.4285714285714284
ALLAHABAD JN.,2.4285714285714284
NAGERCOIL JN.,2.4285714285714284
BAREILLY JN.,2.4285714285714284
VIRAR,2.4285714285714284
CHANDIGARH,2.4285714285714284
BHAGALPUR,2.4285714285714284
PALWAL,2.2857142857142856
ARAKKONAM JN,2.2857142857142856
UDAIPUR CITY,2.2857142857142856
ADRA,2.2857142857142856
BHAVNAGAR TERMINUS,2.2857142857142856
KASGANJ JN.,2.2857142857142856
MATHURA JN.,2.2857142857142856
BHOPAL,2.2857142857142856
DHANBAD JN.,2.2857142857142856
BATHINDA JN,2.2857142857142856
NEW JALPAIGURI JN,2.2857142857142856
OKHA,2.2857142857142856
PONDICHERRY,2.2857142857142856
KOCHUVELI,2.142857142857143
SEORAPHULI JN.,2.142857142857143
ROHTAK JN.,2.142857142857143
BAREILLY CITY,2.142857142857143
MAYILADUTURAI JN.,2.142857142857143
JIND JN,2.142857142857143
MALDA TOWN,2.142857142857143
MADGOAN JN.,2.0
SILIGURI JN.,2.0
NAMKHANA,2.0
HISAR JN,2.0
VILLUPURAM JN.,2.0
MOOR MARKET,2.0
RAJENDRANAGAR TERMINAL,2.0
SAHARANPUR JN.,2.0
PATHANKOT JN.,2.0
SAI NAGAR SHIRDI,2.0
RATLAM JN,2.0
ARAMBAG,1.8571428571428572
SILCHAR,1.8571428571428572
RAMESWARAM,1.8571428571428572
DIBRUGARH,1.8571428571428572
FALAKNUMA,1.8571428571428572
ERODE JN.,1.8571428571428572
MAJERHAT,1.8571428571428572
MUGHAL SARAI JN.,1.8571428571428572
NARASAPUR,1.8571428571428572
MERTA ROAD JN.,1.8571428571428572
KURUKSHETRA JN.,1.8571428571428572
SHAKUR BASTI,1.8571428571428572
PANSKURA,1.8571428571428572
PORBANDAR,1.8571428571428572
CHHATRAPATI SHAHU MAHARAJ TERMINUS,1.7142857142857142
FAZILKA JN.,1.7142857142857142
AGRA CANTT,1.7142857142857142
DANAPUR,1.7142857142857142
MACHILIPATNAM,1.7142857142857142
ITWARI JN.,1.7142857142857142
MHOW,1.7142857142857142
KANNIYAKUMARI,1.7142857142857142
PANIPAT JN.,1.7142857142857142
RAMNAGAR,1.7142857142857142
NARKATIAGANJ JN.,1.7142857142857142
VALSAD,1.7142857142857142
MANDUADIH,1.7142857142857142
VASCO-DA-GAMA,1.5714285714285714
TIRUMALPUR,1.5714285714285714
TENALI JN.,1.5714285714285714
RAJKOT,1.5714285714285714
PRAYAG JN.,1.5714285714285714
BANGARPET JN.,1.5714285714285714
BANIHAL,1.5714285714285714
SAMBALPUR JN.,1.5714285714285714
VARANASI CITY,1.5714285714285714
LALGOLA,1.5714285714285714
MARIKUPPAM,1.5714285714285714
KALKA,1.5714285714285714
KANNUR,1.5714285714285714
LALKUA JN.,1.5714285714285714
KIUL JN.,1.5714285714285714
DIGHA FS,1.5714285714285714
FAIZABAD JN.,1.5714285714285714
GANDHIDHAM JN.,1.5714285714285714
DATTAPUKUR,1.5714285714285714
SIWAN JN.,1.4285714285714286
BAIDYANATHDHAM,1.4285714285714286
SHORANUR JN.,1.4285714285714286
RAMPUR HAT,1.4285714285714286
JOGBANI,1.4285714285714286
ALIGARH JN.,1.4285714285714286
KATHGODAM,1.4285714285714286
KARAIKAL,1.4285714285714286
BUDGAM,1.4285714285714286
MECHEDA,1.4285714285714286
BHAGAT-KI-KOTHI,1.4285714285714286
KAKINADA PORT,1.4285714285714286
GUDIVADA JN.,1.4285714285714286
KAZIPET JN.,1.2857142857142858
PURULIA JN.,1.2857142857142858
GWALIOR JN,1.2857142857142858
ALIPUR DUAR JN.,1.2857142857142858
KAKINADA TOWN,1.2857142857142858
JHARGRAM,1.2857142857142858
PATLIPUTRA,1.2857142857142858
SURATGARH JN.,1.2857142857142858
NEW BHUJ,1.2857142857142858
THANJAVUR JN.,1.2857142857142858
ROURKELA,1.2857142857142858
RANGIYA JN.,1.2857142857142858
SALEM JN.,1.2857142857142858
BARAMULLA,1.2857142857142858
FARRUKHABAD JN,1.2857142857142858
MERTA CITY,1.2857142857142858
BHIWANI JN.,1.2857142857142858
PARTAPGARH JN.,1.1428571428571428
BANKURA,1.1428571428571428
SENGOTTAI JN,1.1428571428571428
RAE BARELI JN.,1.1428571428571428
PILIBHIT JN.,1.1428571428571428
TUNDLA JN,1.1428571428571428
TINPAHAR JN.,1.1428571428571428
VIDYAVIHAR,1.1428571428571428
ALLEPPEY,1.1428571428571428
SULTANPUR JN.,1.1428571428571428
SHIMOGA TOWN,1.1428571428571428
REWA,1.1428571428571428
RAJMAHAL,1.1428571428571428
NIZAMABAD,1.1428571428571428
MAHESANA JN,1.1428571428571428
BIDAR,1.1428571428571428
KHAMBHAT,1.1428571428571428
NAUTANWA,1.1428571428571428
NAJIBABAD JN.,1.1428571428571428
BHIMAVARAM JN.,1.1428571428571428
CUTTACK JN.,1.1428571428571428
DURAUNDHA JN,1.1428571428571428
HABRA,1.1428571428571428
JAISALMER,1.1428571428571428
HOSHIARPUR,1.1428571428571428
GONDA JN.,1.1428571428571428
GUNTAKAL JN.,1.1428571428571428
GHAZIPUR CITY,1.1428571428571428
AGARTALA,1.1428571428571428
UMDANAGAR,1.0
THAWE JN.,1.0
TIRUCHENDUR,1.0
SOMNATH,1.0
REPALLE,1.0
BANGALORE CANTT.,1.0
PATAN,1.0
GURUVAYUR,1.0
DAHOD,1.0
MANMAD JN.,1.0
MEDCHAL,1.0
CHURCHGATE,1.0
MEERUT CITY JN.,1.0
NAGDA JN,1.0
MOKAMA JN.,1.0
BARMER,1.0
NILAMBUR ROAD,1.0
NANGAL DAM,1.0
HALDIA,1.0
KATPADI JN,1.0
AMRAVATI,1.0
TUTICORIN,1.0
UDHAMPUR,1.0
PALASA,0.8571428571428571
PURNA  JN.,0.8571428571428571
SIKAR JN.,0.8571428571428571
GEVRA-ROAD,0.8571428571428571
RATANAGARH JN,0.8571428571428571
RAJAHMUNDRY,0.8571428571428571
PARADEEP,0.8571428571428571
ETAWAH,0.8571428571428571
JOLARPETTAI JN,0.8571428571428571
BHUSAVAL JN.,0.8571428571428571
BHATNI JN.,0.8571428571428571
MAHUVA,0.8571428571428571
MANNARGUDI,0.8571428571428571
METTUPALAIYAM JN.,0.8571428571428571
RADHIKAPUR,0.8571428571428571
GULBARGA,0.8571428571428571
DIBRUGARH TOWN,0.8571428571428571
HABIBGANJ,0.8571428571428571
SULLURUPETTA,0.8571428571428571
ARA,0.8571428571428571
BALHARSHAH,0.8571428571428571
BALLIA,0.8571428571428571
RISHIKESH,0.8571428571428571
WANKANER,0.8571428571428571
AZIMGANJ JN.,0.8571428571428571
SURENDRANAGAR,0.8571428571428571
VASAI ROAD,0.8571428571428571
ANDAL JN.,0.8571428571428571
UJJAIN JN,0.8571428571428571
CHAKARADHARPUR,0.8571428571428571
KOTDWARA,0.8571428571428571
BELURMATH,0.8571428571428571
AGRA  FORT,0.8571428571428571
DEKARGAON,0.8571428571428571
JHAJHA,0.8571428571428571
JAUNPUR JN.,0.8571428571428571
MORVI,0.8571428571428571
NAGARSOL,0.8571428571428571
NEW BONGAIGAON  JN.,0.8571428571428571
FARUKHNAGAR,0.7142857142857143
PALITANA,0.7142857142857143
PUNALUR,0.7142857142857143
BARA BANKI JN.,0.7142857142857143
SITAMARHI,0.7142857142857143
DAUND JN.,0.7142857142857143
VIJAPUR,0.7142857142857143
VRINDAVAN,0.7142857142857143
TINSUKIA JN.,0.7142857142857143
GUDUR JN.,0.7142857142857143
BARKAKANA,0.7142857142857143
BALASORE,0.7142857142857143
SALUR,0.7142857142857143
SHRIRAMPUR,0.7142857142857143
SINGRAULI,0.7142857142857143
GRAM MASAGRAM,0.7142857142857143
GIRDIH,0.7142857142857143
AVADI,0.7142857142857143
AURANGABAD,0.7142857142857143
SITAPUR CANTT,0.7142857142857143
BHADRAKH,0.7142857142857143
MADHUPUR JN.,0.7142857142857143
MAHARAJGANJ,0.7142857142857143
DIVA JN,0.7142857142857143
DONGAR GARH,0.7142857142857143
DUMKA,0.7142857142857143
BHIND,0.7142857142857143
MEMARI,0.7142857142857143
BENOY BADAL DINESH BAG,0.7142857142857143
HAPA,0.7142857142857143
MURKEONG SELEK,0.7142857142857143
HALDIBARI,0.7142857142857143
PALAKKAD JN,0.7142857142857143
BOBBILI JN.,0.7142857142857143
BIJAPUR JN,0.7142857142857143
BOKARO STEEL CITY,0.7142857142857143
CHAMRAJANAGAR,0.7142857142857143
KARIM NAGAR,0.7142857142857143
KARMALI,0.7142857142857143
KASHIPUR JN,0.7142857142857143
KATANGI,0.7142857142857143
KHURDA ROAD JN.,0.7142857142857143
KHAJAURAHO,0.7142857142857143
KOLAR,0.7142857142857143
KHURJA JN,0.7142857142857143
KURNOOL TOWN,0.7142857142857143
JHARSUGUDA JN.,0.7142857142857143
JHANSI JN,0.7142857142857143
CALICUT,0.7142857142857143
AMBIKAPUR,0.7142857142857143
ALLAHABAD CITY,0.7142857142857143
AJNI,0.7142857142857143
ADILABAD,0.7142857142857143
VERKA JN.,0.5714285714285714
VERAVAL,0.5714285714285714
VELANKANNI,0.5714285714285714
TIRODI,0.5714285714285714
AZAMGARH,0.5714285714285714
JAMNAGAR,0.5714285714285714
JALNA,0.5714285714285714
ULUBARIA,0.5714285714285714
UDHAGAMANDALAM,0.5714285714285714
ATARI JN,0.5714285714285714
ARSIKERE JN.,0.5714285714285714
ANUPGARH,0.5714285714285714
TILAK BRIDGE,0.5714285714285714
TEZNARAYANPUR,0.5714285714285714
TARN TARAN,0.5714285714285714
TALGUPPA,0.5714285714285714
TALEGAON,0.5714285714285714
SONPUR JN.,0.5714285714285714
SITAPUR CITY JN.,0.5714285714285714
GODHRA JN.,0.5714285714285714
GOBARDANGA,0.5714285714285714
SHAMLI,0.5714285714285714
BALGONA,0.5714285714285714
BALAMAU JN.,0.5714285714285714
SHAHJAHANPUR JN,0.5714285714285714
SAMBAHAL HATIM SARAI,0.5714285714285714
SAINTHIA JN.,0.5714285714285714
SADULPUR JN,0.5714285714285714
BANKA,0.5714285714285714
BALURGHAT,0.5714285714285714
RAYAGADA JN.,0.5714285714285714
RAIGARH,0.5714285714285714
BARIPADA PH,0.5714285714285714
BARHAJ BAZAR,0.5714285714285714
DILDARNAGAR JN,0.5714285714285714
KHEM KARAN,0.5714285714285714
KENDRI,0.5714285714285714
KAYANKULAM JN,0.5714285714285714
KAWR,0.5714285714285714
KARUR JN.,0.5714285714285714
KARAIKKUDI,0.5714285714285714
GUNUPUR,0.5714285714285714
DHARWAD,0.5714285714285714
BARBIL,0.5714285714285714
PHULERA JN.,0.5714285714285714
ONGOLE,0.5714285714285714
NSC BOSE J GOMO,0.5714285714285714
CHIKJAJUR JN.,0.5714285714285714
CHHOTA UDEPUR,0.5714285714285714
BEAS JN,0.5714285714285714
BAYANA,0.5714285714285714
KOSI KALAN,0.5714285714285714
KORBA,0.5714285714285714
KORAPUT JN.,0.5714285714285714
NIDADAVOLU JN.,0.5714285714285714
NELLORE,0.5714285714285714
NAKODAR JN.,0.5714285714285714
NAGBHIR JN.,0.5714285714285714
BERHAMPUR,0.5714285714285714
CHITTAURGARH JN,0.5714285714285714
MAU JN.,0.5714285714285714
MASAGRAM,0.5714285714285714
MANOHARABAD,0.5714285714285714
MANKAPUR JN.,0.5714285714285714
MANGALORE JN,0.5714285714285714
BHOJUDIH JN.,0.5714285714285714
BHARUCH JN.,0.5714285714285714
MALDA COURT,0.5714285714285714
LOHIAN KHAS JN.,0.5714285714285714
LEDO,0.5714285714285714
KOTTAYAM,0.5714285714285714
CUDDAPAH,0.5714285714285714
DUM DUM JN.,0.5714285714285714
DOHRIGHAT,0.5714285714285714
MAHBUBNAGAR,0.5714285714285714
ISLAMPUR,0.5714285714285714
CHANDANPUR,0.5714285714285714
INDARA JN.,0.5714285714285714
IDGAH,0.5714285714285714
DEHRI-ON-SON,0.5714285714285714
TRICHUR,0.5714285714285714
DERABABA NANAK,0.5714285714285714
AMB  ANDAURA,0.5714285714285714
VIZIANAGARAM JN.,0.5714285714285714
VIRAMGAM JN,0.5714285714285714
AKOLA JN.,0.5714285714285714
AMTA,0.42857142857142855
KUPPAM,0.42857142857142855
AYODHYA,0.42857142857142855
JHALAWAR CITY,0.42857142857142855
JUNAGARH ROAD,0.42857142857142855
AUNRIHAR JN.,0.42857142857142855
JAGADALPUR,0.42857142857142855
UDHNA JN.,0.42857142857142855
BOLARUM,0.42857142857142855
JAIJON DOABA,0.42857142857142855
TARIGHAT,0.42857142857142855
DORNAKAL JN.,0.42857142857142855
LOHARDAGA  BS,0.42857142857142855
MACHERLA,0.42857142857142855
LUMDING JN.,0.42857142857142855
MAJHOLA PAKARIYA,0.42857142857142855
SONIPAT,0.42857142857142855
BUXAR,0.42857142857142855
KULEM,0.42857142857142855
SIRSA,0.42857142857142855
BHARATPUR JN,0.42857142857142855
DALLI-RAJHARA,0.42857142857142855
MANUGURU,0.42857142857142855
GANDHINAGAR CAPITAL,0.42857142857142855
TUMSAR RD,0.42857142857142855
PHAPHUND,0.42857142857142855
VRIDHA CHALAM JN.,0.42857142857142855
TUMKUR,0.42857142857142855
PANDHARPUR,0.42857142857142855
PURNEA JN.,0.42857142857142855
PARLI VAIJNATH,0.42857142857142855
DHARMANAGAR,0.42857142857142855
RAICHUR,0.42857142857142855
DINDIGUL JN,0.42857142857142855
DIMAPUR,0.42857142857142855
HANSDIHA,0.42857142857142855
BIRAUL,0.42857142857142855
BODHAN,0.42857142857142855
HAJIPUR JN.,0.42857142857142855
BAMANHAT,0.42857142857142855
BHANJPUR,0.42857142857142855
RAMANAGARAM,0.42857142857142855
BARHNI,0.42857142857142855
BARUI PARA,0.42857142857142855
RAJIM,0.42857142857142855
RANGAPARA NORTH,0.42857142857142855
RAMTEK,0.42857142857142855
NAGORE,0.42857142857142855
RENIGUNTA JN.,0.42857142857142855
MIRAJ JN.,0.42857142857142855
MIRYALAGUDA,0.42857142857142855
NANDYAL,0.42857142857142855
NAHARLAGUN,0.42857142857142855
BANGRIPOSI,0.42857142857142855
BHADRACHALAM ROAD,0.42857142857142855
BANDIKUI JN.,0.42857142857142855
SARDARSAHAR,0.42857142857142855
SHAHGANJ JN.,0.42857142857142855
SAWANTWADI ROAD,0.42857142857142855
SASARAM,0.42857142857142855
BAGNAN,0.42857142857142855
BAIYYAPPANAHALLI,0.42857142857142855
COONOOR,0.42857142857142855
CHOPAN,0.42857142857142855
CHURU,0.42857142857142855
EDAMANN,0.42857142857142855
KANPUR ANWARGANJ,0.42857142857142855
DHRANGADHRA,0.42857142857142855
DHURI JN.,0.42857142857142855
CHHINWARA JN,0.42857142857142855
PALANI,0.42857142857142855
PALANPUR JN,0.42857142857142855
PALGHAT TOWN,0.42857142857142855
TITLA GARH JN.,0.42857142857142855
VELLORE CANTT,0.42857142857142855
DELHI-SAFDAR JANG,0.42857142857142855
DHAMTARI,0.42857142857142855
GAJRAULA JN.,0.42857142857142855
AMBLIYASAN JN.,0.42857142857142855
BURHWAL JN.,0.2857142857142857
BOTAD,0.2857142857142857
DAKOR,0.2857142857142857
DANKAUR,0.2857142857142857
KABAKA PUTTUR,0.2857142857142857
KALIANPUR,0.2857142857142857
KANKURGACHHI ROAD JN.,0.2857142857142857
KANCHIPURAM,0.2857142857142857
MARIANI JN.,0.2857142857142857
MANKHURD,0.2857142857142857
MADHYAM GRAM,0.2857142857142857
MAHBUBABAD,0.2857142857142857
JAGITYAL,0.2857142857142857
MADAR JN,0.2857142857142857
THIRUVARUR JN.,0.2857142857142857
TANDUR,0.2857142857142857
SULTANGANJ,0.2857142857142857
SRI SATYA SAI PRASANTI NILAYAM,0.2857142857142857
TILRATH,0.2857142857142857
VIKRABAD JN.,0.2857142857142857
JORHAT TOWN,0.2857142857142857
JAKHAL JN.,0.2857142857142857
UDAIPUR,0.2857142857142857
CHANDAUSI JN.,0.2857142857142857
CHANDAFORT,0.2857142857142857
UNA HIMACHAL,0.2857142857142857
CHHAPRA KACHEHRI,0.2857142857142857
ABHANPUR JN.,0.2857142857142857
BOLPUR,0.2857142857142857
BORIVLI,0.2857142857142857
KRISHNA RAJA PURAM,0.2857142857142857
SIRPURKAGHAZ NAGAR,0.2857142857142857
SIRPUR TOWN,0.2857142857142857
SINGUR,0.2857142857142857
LALGARH JN.,0.2857142857142857
SIURI,0.2857142857142857
MAKRANA JN.,0.2857142857142857
MAISHASHAN,0.2857142857142857
MAHOBA,0.2857142857142857
DULLABCHERRA,0.2857142857142857
WARANGAL,0.2857142857142857
WHITE FIELD,0.2857142857142857
BHABUA ROAD,0.2857142857142857
BHAGA JN,0.2857142857142857
SHIKOHABAD JN.,0.2857142857142857
SHAKTINAGAR,0.2857142857142857
HATHRAS QILAH,0.2857142857142857
HINDUPUR,0.2857142857142857
HIJLI,0.2857142857142857
GHAT KOPAR,0.2857142857142857
NAYAGARHTOWN,0.2857142857142857
NEW ALIPURDUAR,0.2857142857142857
NEW COOCH BEHAR,0.2857142857142857
NEW TINSUKIA JN,0.2857142857142857
NIMTITA,0.2857142857142857
NIMACH,0.2857142857142857
BASTI,0.2857142857142857
BARWADIH JN,0.2857142857142857
RAJGIR,0.2857142857142857
HOSUR,0.2857142857142857
METTUR DAM,0.2857142857142857
MODASA,0.2857142857142857
NADIAD JN.,0.2857142857142857
NAGAPPATTINAM,0.2857142857142857
BHANVAD,0.2857142857142857
MUNABAO,0.2857142857142857
MIRZAPALI,0.2857142857142857
NAKAHA JUNGLE,0.2857142857142857
SILGHAT TOWN,0.2857142857142857
SHIVAJINAGAR,0.2857142857142857
MELMARUVATHUR,0.2857142857142857
CHITRADURG,0.2857142857142857
GARHI HARSARU JN.,0.2857142857142857
SHAHDOL,0.2857142857142857
SAGAULI JN.,0.2857142857142857
SALEMPUR JN.,0.2857142857142857
SANJAN,0.2857142857142857
ROHA,0.2857142857142857
RUPSA JN.,0.2857142857142857
BHAGTANWALA,0.2857142857142857
BINA,0.2857142857142857
DIGHA GHAT,0.2857142857142857
HARIHAR JN.,0.2857142857142857
CHIKMAGALURU,0.2857142857142857
CHIRMIRI,0.2857142857142857
BELGAUM,0.2857142857142857
ETAH,0.2857142857142857
GUA,0.2857142857142857
KOT KAPURA JN,0.2857142857142857
DHUBRI,0.2857142857142857
KAPTANGANJ JN.,0.2857142857142857
KATHANA,0.2857142857142857
KHAGARIA JN.,0.2857142857142857
KIRANDUL,0.2857142857142857
KISHANGANJ,0.2857142857142857
HANUMANGARH JN.,0.2857142857142857
BITRAGUNTA,0.2857142857142857
BARABHUM,0.2857142857142857
YAMUNA BRIDGE,0.2857142857142857
PATNA GHAT,0.2857142857142857
PERNEM,0.2857142857142857
PEDDAPALLI,0.2857142857142857
PHULWARTANR,0.2857142857142857
RAGHURAJ SINGH,0.2857142857142857
PUNDOOAH,0.2857142857142857
POLLACHI,0.2857142857142857
DHANAURI,0.2857142857142857
BARAMATI,0.2857142857142857
UNCHAHAR JN.,0.2857142857142857
ADRAJ MOTI,0.2857142857142857
VANCHI MANIYACHCHI JN,0.2857142857142857
VADTAL SWAMINARAYAN,0.2857142857142857
TIRUVALLUR,0.2857142857142857
GARBETA,0.2857142857142857
ALWAR JN.,0.14285714285714285
DEOGHAR,0.14285714285714285
DEVANHALLI,0.14285714285714285
TUNI,0.14285714285714285
TORI,0.14285714285714285
WADI JN.,0.14285714285714285
ANDHERI,0.14285714285714285
ANGUL,0.14285714285714285
VAPI,0.14285714285714285
GADAG JN.,0.14285714285714285
GADWAL,0.14285714285714285
URKURA,0.14285714285714285
ABOHAR,0.14285714285714285
ABU ROAD,0.14285714285714285
VIRUDUNAGAR JN,0.14285714285714285
PANKI,0.14285714285714285
PARBHANI JN.,0.14285714285714285
PARVATSAR CITY,0.14285714285714285
PATIALA,0.14285714285714285
PENDLIMARRI,0.14285714285714285
PENDRA ROAD,0.14285714285714285
PETRAPOLE,0.14285714285714285
PHEPHNA JN.,0.14285714285714285
PIDUGURALLA,0.14285714285714285
PRATAP NAGAR,0.14285714285714285
PRINCEP GHAT,0.14285714285714285
PURNEA COURT,0.14285714285714285
PUSHKAR TERMINUS,0.14285714285714285
QADIAN,0.14285714285714285
R BLOCK HALT,0.14285714285714285
RAGHUNATHPUR,0.14285714285714285
BARAUT,0.14285714285714285
HARI PAL,0.14285714285714285
HASSAN JN.,0.14285714285714285
HATHRAS JN.,0.14285714285714285
BELDA,0.14285714285714285
BELLARY JN.,0.14285714285714285
NORTH LAKHIMPUR,0.14285714285714285
OLD MALDA,0.14285714285714285
PALLAVARAM,0.14285714285714285
DHARMABAD,0.14285714285714285
DHARMAPURI,0.14285714285714285
DHARMAVARAM JN.,0.14285714285714285
DHOLA JN,0.14285714285714285
DHONE JN,0.14285714285714285
FATEHPUR,0.14285714285714285
FATEHPUR-SHEKHAWATI,0.14285714285714285
FATUHA,0.14285714285714285
FURKATING JN.,0.14285714285714285
KOTIPALLI,0.14285714285714285
BILARA,0.14285714285714285
BIRMITRAPUR,0.14285714285714285
BIRUR JN.,0.14285714285714285
BISHNUPUR,0.14285714285714285
BOISAR,0.14285714285714285
BATHUA BAZAR HALT,0.14285714285714285
HAIBARGAON,0.14285714285714285
GUDUM,0.14285714285714285
KASARAGOD,0.14285714285714285
KATNI,0.14285714285714285
KENDUJHAR,0.14285714285714285
KHANODIH,0.14285714285714285
GURAP,0.14285714285714285
NARWANA JN.,0.14285714285714285
NATHDWARA,0.14285714285714285
NEW ALIPUR (CALCUTTA),0.14285714285714285
BARSOI JN.,0.14285714285714285
BARSUAN,0.14285714285714285
KODERMA,0.14285714285714285
KOLAGHAT,0.14285714285714285
RAJPIPLA,0.14285714285714285
RAJULA CITY,0.14285714285714285
RANINAGAR JALPAIGURI,0.14285714285714285
RAVIKAMPADU,0.14285714285714285
RAYA DRUG,0.14285714285714285
BALLY,0.14285714285714285
BALLYGUNGE JN.,0.14285714285714285
"BALRAMPUR,",0.14285714285714285
BANASWADI,0.14285714285714285
BHALUKPONG,0.14285714285714285
MURI,0.14285714285714285
NABADWIP DHAM,0.14285714285714285
NADIKUDE JN.,0.14285714285714285
NALHATI JN.,0.14285714285714285
NANJANGUD TOWN,0.14285714285714285
NARKHER,0.14285714285714285
HOSPET JN.,0.14285714285714285
HUMNABAD,0.14285714285714285
MOGA,0.14285714285714285
BETTIAH,0.14285714285714285
BETUL,0.14285714285714285
BHAIRABI,0.14285714285714285
ROZA JN,0.14285714285714285
SAHIBABAD,0.14285714285714285
SAHIBGANJ,0.14285714285714285
SAWAI MADHOPUR JN,0.14285714285714285
BADAMPAHAR,0.14285714285714285
BADARPUR JN.,0.14285714285714285
BADSHAHNAGAR,0.14285714285714285
BAGALKOT,0.14285714285714285
BAGAVATHIPURAM,0.14285714285714285
BALANGIR,0.14285714285714285
BALICHAK,0.14285714285714285
BALLABGARH,0.14285714285714285
SHIMLA,0.14285714285714285
SHRIPAT SHRIKHANDA,0.14285714285714285
MARKAPUR ROAD,0.14285714285714285
MARWAR JN.,0.14285714285714285
MEERUT CANT,0.14285714285714285
MENDIPATHAR,0.14285714285714285
CHITRAKUTDHAM KARWI,0.14285714285714285
CHITTOOR,0.14285714285714285
CHUNAR JN.,0.14285714285714285
HAZARIBAGH ROAD,0.14285714285714285
SIMALUGURI JN.,0.14285714285714285
GARWA ROAD JN.,0.14285714285714285
GHATSILA,0.14285714285714285
DALIGANJ JN,0.14285714285714285
DAMOH,0.14285714285714285
DANGARI,0.14285714285714285
KANALUS,0.14285714285714285
MAKSI JN,0.14285714285714285
BHILAD,0.14285714285714285
BHILDI JN,0.14285714285714285
BHILWARA,0.14285714285714285
BHIMAVARAM TOWN,0.14285714285714285
BHONGIR,0.14285714285714285
MALIYA MIYANA JN.,0.14285714285714285
MANAMADURAI,0.14285714285714285
MANANWALA,0.14285714285714285
MANDSOR,0.14285714285714285
MANENDRAGARH,0.14285714285714285
MANIKPUR JN.,0.14285714285714285
BULANDSHAHR,0.14285714285714285
BUNIYADPUR,0.14285714285714285
BYNDOOR,0.14285714285714285
CHAIBASA,0.14285714285714285
CHAKULIA,0.14285714285714285
CHAMPAHATI,0.14285714285714285
SINGHABAD,0.14285714285714285
KUMBAKONAM,0.14285714285714285
KUSUNDA,0.14285714285714285
KWAKDWIP,0.14285714285714285
LALGUDI,0.14285714285714285
LANJI GARH ROAD,0.14285714285714285
MAIRABARI,0.14285714285714285
SONAMUKHI PH,0.14285714285714285
SONARDIH,0.14285714285714285
ST. THOMAS MOUNT,0.14285714285714285
SUBRAHMANYA ROAD,0.14285714285714285
TALCHER,0.14285714285714285
TELTA,0.14285714285714285
THAKURNAGAR,0.14285714285714285
ANKLESHWAR JN.,0.14285714285714285
ANUPPUR JN.,0.14285714285714285
MAGRAHAT,0.14285714285714285
DINHATA,0.14285714285714285
DOMBIVLI CTL,0.14285714285714285
DUMDUM CANTONMENT,0.14285714285714285
DURGAPUR,0.14285714285714285
CUDDALORE PORT JN.,0.14285714285714285
DAHEJ,0.14285714285714285
WADSA,0.14285714285714285
WARASEONI,0.14285714285714285
DAURAM MADHEPURA,0.14285714285714285
ACHHNERA JN.,0.14285714285714285
CHANDIA ROAD,0.14285714285714285
CHANDRAPURA JN.,0.14285714285714285
CHANNA PATNA,0.14285714285714285
CHEMBUR,0.14285714285714285
CHERVATTUR,0.14285714285714285
UMBERGAON ROAD,0.14285714285714285
JAJPUR KEONJHAR ROAD,0.14285714285714285
JAKLAIR,0.14285714285714285
JANGAON,0.14285714285714285
JANGIPUR ROAD,0.14285714285714285
JIRIBAM,0.14285714285714285
